<edmx:Edmx xmlns:edmx="http://docs.oasis-open.org/odata/ns/edmx" Version="4.0">
    <edmx:Reference Uri="/sap/opu/odata/IWFND/CATALOGSERVICE;v=2/Vocabularies(TechnicalName='%2FIWBEP%2FVOC_COMMON',Version='0001',SAP__Origin='LOCAL')/$value">
        <edmx:Include Namespace="com.sap.vocabularies.Common.v1" Alias="Common"/>
    </edmx:Reference>
    <edmx:Reference Uri="/sap/opu/odata/IWFND/CATALOGSERVICE;v=2/Vocabularies(TechnicalName='%2FIWBEP%2FVOC_UI',Version='0001',SAP__Origin='LOCAL')/$value">
        <edmx:Include Namespace="com.sap.vocabularies.UI.v1" Alias="UI"/>
    </edmx:Reference>
	<edmx:Reference Uri="https://oasis-tcs.github.io/odata-vocabularies/vocabularies/Org.OData.Core.V1.xml">
		<edmx:Include Alias="Core" Namespace="Org.OData.Core.V1"/>
	</edmx:Reference>
    <edmx:Reference Uri="/sap/opu/odata/IWFND/CATALOGSERVICE;v=2/Vocabularies(TechnicalName='%2FIWBEP%2FVOC_COMMUNICATION',Version='0001',SAP__Origin='LOCAL')/$value">
        <edmx:Include Namespace="com.sap.vocabularies.Communication.v1" Alias="Communication"/>
    </edmx:Reference>
    <edmx:Reference Uri="/sap/opu/odata4/sap/zdz_psc_c_sor_fes_srv/srvd/sap/zdz_psc_c_sor_frmextsrc_sd/0001/$metadata">
        <edmx:Include Namespace="com.sap.gateway.srvd.zdz_psc_c_sor_frmextsrc_sd.v0001" Alias="SalesOrderRequest"/>
    </edmx:Reference>
    <edmx:DataServices>
        <Schema xmlns="http://docs.oasis-open.org/odata/ns/edm" Namespace="sor">
        	<Annotations Target="SalesOrderRequest.CreateSalesOrderRequest">
				<Annotation Term="Core.OperationAvailable" Bool="false"/>
			</Annotations>
            <Annotations Target="SalesOrderRequest.Validate">
				<Annotation Term="Common.SideEffects">
					<Record>
						<PropertyValue Property="TargetProperties">
							<Collection>
								<PropertyPath>SAP__Messages</PropertyPath>
							</Collection>
						</PropertyValue>
					</Record>
				</Annotation>
			</Annotations>
			<Annotations Target="SalesOrderRequest.CreateFollowOnSalesOrder">
				<Annotation Term="Common.SideEffects">
					<Record>
						<PropertyValue Property="TargetEntities">
							<Collection>
								<NavigationPropertyPath></NavigationPropertyPath>
								<NavigationPropertyPath>_Item</NavigationPropertyPath>
							</Collection>
						</PropertyValue>
					</Record>
				</Annotation>
			</Annotations>
        </Schema>
    </edmx:DataServices>
</edmx:Edmx>
