<core:FragmentDefinition xmlns="sap.m"
                         xmlns:core="sap.ui.core"
                         xmlns:u="sap.ui.unified">
    <Dialog id="dialogUploadFile"
            resizable="true"
            horizontalScrolling="false"
            verticalScrolling="false"
            title="{i18n>fileUpldVw_title}">
        <content>
            <!--uploadUrl will be (dynamically) set in js controller-->
            <!--error message review -->
            <VBox height="100%" alignContent="Center" alignItems="Center">
           <HBox height="4px"></HBox>
            <u:FileUploader id="fileUploaderRawData"
                            name="rawDataFile"
                            class="sapUiMediumMarginBegin"
                            fileType="pdf"
                            multiple="false"
                            maximumFilenameLength="200"
                            maximumFileSize="20"
                            uploadComplete="onUploadComplete"
                            change="onFilePathChange"
                            sendXHR="true"
                            useMultipart="false"
                            placeholder="{i18n>fileUpldVw_placeHolder}"
                            sameFilenameAllowed="false"
                            typeMissmatch="onTypeMissMatch" 
                            fileSizeExceed="onfileSizeExceed"
                            httpRequestMethod="Put"


/>
</VBox>
        </content>
        <beginButton>
            <Button id="rawReportUploadButton"
                    text="{i18n>fileUpldVw_upload}"
                    press="uploadFile"
                    enabled="true"
                    type="Emphasized"/>
        </beginButton>
        <endButton>
            <Button id="rawReportCancelButton"
                    text="{i18n>fileUpldVw_cancel}"
                    press="onUploadCancel"/>
        </endButton>
    </Dialog>
</core:FragmentDefinition>